{"timings": [{"hold_time": {"period": 0.09793353080749512, "t": 0.12815308570861816, "i": 0.08687472343444824, "e": 0.11598324775695801, "5": 0.0673215389251709, "R": 0.0935659408569336, "o": 0.1329052448272705, "a": 0.15333819389343262, "n": 0.16355395317077637, "l": 0.11310887336730957, "Return": 0.1035921573638916}, "ud_key1_key2": {"UD.period.t": 0.7792239189147949, "UD.t.i": 0.3976297378540039, "UD.i.e": 1.0851507186889648, "UD.e.5": 0.6375336647033691, "UD.5.R": 1.311997413635254, "UD.R.o": 0.7197661399841309, "UD.o.a": 0.7495360374450684, "UD.a.n": 0.5698165893554688, "UD.n.l": 0.6120617389678955, "UD.l.Return": 0.7207262516021729}, "dd_key1_key2": {"DD.period.t": 0.6812903881072998, "DD.t.i": 0.26947665214538574, "DD.i.e": 0.9982759952545166, "DD.e.5": 0.5215504169464111, "DD.5.R": 1.244675874710083, "DD.R.o": 0.6262001991271973, "DD.o.a": 0.6166307926177979, "DD.a.n": 0.41647839546203613, "DD.n.l": 0.44850778579711914, "DD.l.Return": 0.6076173782348633}}], "user": "karthika"}