{"timings": [{"hold_time": {"period": 0.10362696647644043, "t": 0.11004638671875, "i": 0.09813237190246582, "e": 0.15185070037841797, "5": 0.07295703887939453, "R": 0.17203474044799805, "o": 0.06640028953552246, "a": 0.16623568534851074, "n": 0.07697343826293945, "l": 0.11888623237609863, "Return": 0.08780598640441895}, "ud_key1_key2": {"UD.period.t": 2.144911766052246, "UD.t.i": 2.7745554447174072, "UD.i.e": 1.380629062652588, "UD.e.5": 0.8616559505462646, "UD.5.R": 1.2064497470855713, "UD.R.o": 1.2160670757293701, "UD.o.a": 2.122974395751953, "UD.a.n": 1.7972149848937988, "UD.n.l": 1.646226167678833, "UD.l.Return": 1.026808738708496}, "dd_key1_key2": {"DD.period.t": 2.0412847995758057, "DD.t.i": 2.6645090579986572, "DD.i.e": 1.282496690750122, "DD.e.5": 0.7098052501678467, "DD.5.R": 1.1334927082061768, "DD.R.o": 1.044032335281372, "DD.o.a": 2.0565741062164307, "DD.a.n": 1.630979299545288, "DD.n.l": 1.5692527294158936, "DD.l.Return": 0.9079225063323975}}], "user": "Mahathi"}