{"timings": [{"hold_time": {"period": 0.09507226943969727, "t": 0.07952523231506348, "i": 0.09284353256225586, "e": 0.07938122749328613, "5": 0.09075498580932617, "R": 0.11192083358764648, "o": 0.09731149673461914, "a": 0.10278773307800293, "n": 0.07277154922485352, "l": 0.08917999267578125, "Return": 0.1195075511932373}, "ud_key1_key2": {"UD.period.t": 0.4669051170349121, "UD.t.i": 0.366910457611084, "UD.i.e": 0.3504807949066162, "UD.e.5": 1.7536249160766602, "UD.5.R": 5.302405595779419, "UD.R.o": 1.5105087757110596, "UD.o.a": 0.7165303230285645, "UD.a.n": 0.29518580436706543, "UD.n.l": 0.8992784023284912, "UD.l.Return": 0.568939208984375}, "dd_key1_key2": {"DD.period.t": 0.37183284759521484, "DD.t.i": 0.2873852252960205, "DD.i.e": 0.25763726234436035, "DD.e.5": 1.674243688583374, "DD.5.R": 5.211650609970093, "DD.R.o": 1.398587942123413, "DD.o.a": 0.6192188262939453, "DD.a.n": 0.1923980712890625, "DD.n.l": 0.8265068531036377, "DD.l.Return": 0.47975921630859375}, "password_entry_count": 1}, {"hold_time": {"period": 0.09867548942565918, "t": 0.08226633071899414, "i": 0.08448934555053711, "e": 0.1067342758178711, "5": 0.10364890098571777, "R": 10.844199180603027, "o": 0.08945441246032715, "a": 0.12358307838439941, "n": 0.10601615905761719, "l": 0.10881662368774414, "Return": 0.1197512149810791}, "ud_key1_key2": {"UD.period.t": 0.4409489631652832, "UD.t.i": 0.3338174819946289, "UD.i.e": 0.24214696884155273, "UD.e.5": 1.5945115089416504, "UD.5.R": 1.3726558685302734, "UD.R.o": 13.045330047607422, "UD.o.a": 0.38504934310913086, "UD.a.n": 1.2707462310791016, "UD.n.l": 0.36742329597473145, "UD.l.Return": 0.44421911239624023}, "dd_key1_key2": {"DD.period.t": 0.342273473739624, "DD.t.i": 0.25155115127563477, "DD.i.e": 0.15765762329101562, "DD.e.5": 1.4877772331237793, "DD.5.R": 1.2690069675445557, "DD.R.o": 2.2011308670043945, "DD.o.a": 0.2955949306488037, "DD.a.n": 1.1471631526947021, "DD.n.l": 0.26140713691711426, "DD.l.Return": 0.3354024887084961}, "password_entry_count": 2}, {"hold_time": {"period": 0.09697079658508301, "t": 0.08623886108398438, "i": 0.09448623657226562, "e": 0.1047513484954834, "5": 0.11289119720458984, "R": 20.5435950756073, "o": 0.07278895378112793, "a": 0.12893056869506836, "n": 0.07710719108581543, "l": 0.10007023811340332, "Return": 0.1244196891784668}, "ud_key1_key2": {"UD.period.t": 1.0961148738861084, "UD.t.i": 0.3599584102630615, "UD.i.e": 0.24978017807006836, "UD.e.5": 1.4140653610229492, "UD.5.R": 1.3276705741882324, "UD.R.o": 21.592926025390625, "UD.o.a": 0.5088841915130615, "UD.a.n": 0.21535015106201172, "UD.n.l": 0.3351447582244873, "UD.l.Return": 0.47551441192626953}, "dd_key1_key2": {"DD.period.t": 0.9991440773010254, "DD.t.i": 0.27371954917907715, "DD.i.e": 0.15529394149780273, "DD.e.5": 1.3093140125274658, "DD.5.R": 1.2147793769836426, "DD.R.o": 1.0493309497833252, "DD.o.a": 0.4360952377319336, "DD.a.n": 0.08641958236694336, "DD.n.l": 0.2580375671386719, "DD.l.Return": 0.3754441738128662}, "password_entry_count": 3}, {"hold_time": {"period": 0.09043383598327637, "t": 0.06991076469421387, "i": 0.08364391326904297, "e": 0.1008915901184082, "5": 0.10839629173278809, "R": 0.09982681274414062, "o": 0.09741759300231934, "a": 0.08637022972106934, "n": 0.08313155174255371, "l": 0.08085989952087402, "Return": 0.1042032241821289}, "ud_key1_key2": {"UD.period.t": 0.4109969139099121, "UD.t.i": 0.3092942237854004, "UD.i.e": 0.2252635955810547, "UD.e.5": 10.093728065490723, "UD.5.R": 2.088042974472046, "UD.R.o": 0.9921324253082275, "UD.o.a": 5.9757843017578125, "UD.a.n": 0.2723510265350342, "UD.n.l": 0.4844930171966553, "UD.l.Return": 0.3463575839996338}, "dd_key1_key2": {"DD.period.t": 0.32056307792663574, "DD.t.i": 0.23938345909118652, "DD.i.e": 0.14161968231201172, "DD.e.5": 9.992836475372314, "DD.5.R": 1.9796466827392578, "DD.R.o": 0.8923056125640869, "DD.o.a": 5.878366708755493, "DD.a.n": 0.18598079681396484, "DD.n.l": 0.40136146545410156, "DD.l.Return": 0.26549768447875977}, "password_entry_count": 4}, {"hold_time": {"period": 0.07518815994262695, "t": 0.1051180362701416, "i": 0.09939050674438477, "e": 0.0988314151763916, "5": 0.09541654586791992, "R": -15.288362741470337, "o": 0.09113359451293945, "a": 0.08943819999694824, "n": 0.09396028518676758, "l": 0.09950542449951172, "Return": 0.12523746490478516}, "ud_key1_key2": {"UD.period.t": 1.1471867561340332, "UD.t.i": 0.22976970672607422, "UD.i.e": 0.34653472900390625, "UD.e.5": 1.2609238624572754, "UD.5.R": -13.00407886505127, "UD.R.o": 0.8495862483978271, "UD.o.a": 0.5376346111297607, "UD.a.n": 0.2739548683166504, "UD.n.l": 0.4926018714904785, "UD.l.Return": 0.5098581314086914}, "dd_key1_key2": {"DD.period.t": 1.0719985961914062, "DD.t.i": 0.12465167045593262, "DD.i.e": 0.24714422225952148, "DD.e.5": 1.1620924472808838, "DD.5.R": -13.09949541091919, "DD.R.o": 16.137948989868164, "DD.o.a": 0.4465010166168213, "DD.a.n": 0.18451666831970215, "DD.n.l": 0.39864158630371094, "DD.l.Return": 0.4103527069091797}, "password_entry_count": 5}, {"hold_time": {"period": 0.10477161407470703, "t": 0.05876302719116211, "i": 0.09006381034851074, "e": 0.10320806503295898, "5": 0.09248471260070801, "R": -23.218040943145752, "o": 0.08745002746582031, "a": 0.076446533203125, "n": 0.06807327270507812, "l": 0.08593869209289551, "Return": 0.10257387161254883}, "ud_key1_key2": {"UD.period.t": 0.4695429801940918, "UD.t.i": 0.3239779472351074, "UD.i.e": 0.21743488311767578, "UD.e.5": 1.3083913326263428, "UD.5.R": -21.993536233901978, "UD.R.o": 0.8024575710296631, "UD.o.a": 2.4433209896087646, "UD.a.n": 0.2749176025390625, "UD.n.l": 0.4296894073486328, "UD.l.Return": 0.5725178718566895}, "dd_key1_key2": {"DD.period.t": 0.36477136611938477, "DD.t.i": 0.2652149200439453, "DD.i.e": 0.12737107276916504, "DD.e.5": 1.2051832675933838, "DD.5.R": -22.086020946502686, "DD.R.o": 24.020498514175415, "DD.o.a": 2.3558709621429443, "DD.a.n": 0.1984710693359375, "DD.n.l": 0.3616161346435547, "DD.l.Return": 0.48657917976379395}, "password_entry_count": 6}, {"hold_time": {"period": 0.09101653099060059, "t": 0.10411953926086426, "i": 0.0924673080444336, "e": 0.14273571968078613, "5": 0.1020517349243164, "R": 0.09401535987854004, "o": 0.08765602111816406, "a": 0.13328337669372559, "n": 0.08292675018310547, "l": 0.09080290794372559, "Return": 0.10721015930175781}, "ud_key1_key2": {"UD.period.t": 0.48618102073669434, "UD.t.i": 0.3975086212158203, "UD.i.e": 0.26163434982299805, "UD.e.5": 4.1300413608551025, "UD.5.R": 0.696613073348999, "UD.R.o": 0.45296597480773926, "UD.o.a": 6.0221617221832275, "UD.a.n": 0.4654960632324219, "UD.n.l": 0.34264612197875977, "UD.l.Return": 0.4607560634613037}, "dd_key1_key2": {"DD.period.t": 0.39516448974609375, "DD.t.i": 0.29338908195495605, "DD.i.e": 0.16916704177856445, "DD.e.5": 3.9873056411743164, "DD.5.R": 0.5945613384246826, "DD.R.o": 0.3589506149291992, "DD.o.a": 5.9345057010650635, "DD.a.n": 0.3322126865386963, "DD.n.l": 0.2597193717956543, "DD.l.Return": 0.3699531555175781}, "password_entry_count": 7}, {"hold_time": {"period": 0.09305238723754883, "t": 0.0769815444946289, "i": 0.0760798454284668, "e": 0.1204535961151123, "5": 0.09661674499511719, "R": -40.973482847213745, "o": 0.08652067184448242, "a": 0.13790607452392578, "n": 0.09032535552978516, "l": 0.10244441032409668, "Return": 0.11463785171508789}, "ud_key1_key2": {"UD.period.t": 0.42379140853881836, "UD.t.i": 0.31111764907836914, "UD.i.e": 0.7135536670684814, "UD.e.5": 1.0217041969299316, "UD.5.R": -39.73215174674988, "UD.R.o": 1.0324320793151855, "UD.o.a": 2.9390125274658203, "UD.a.n": 0.30592942237854004, "UD.n.l": 0.6535401344299316, "UD.l.Return": 0.4428527355194092}, "dd_key1_key2": {"DD.period.t": 0.33073902130126953, "DD.t.i": 0.23413610458374023, "DD.i.e": 0.6374738216400146, "DD.e.5": 0.9012506008148193, "DD.5.R": -39.828768491744995, "DD.R.o": 42.00591492652893, "DD.o.a": 2.852491855621338, "DD.a.n": 0.16802334785461426, "DD.n.l": 0.5632147789001465, "DD.l.Return": 0.3404083251953125},