{"timings": [{"hold_time": {"period": 0.0619046688079834, "t": 0.06676912307739258, "i": 0.05297255516052246, "e": 0.053147315979003906, "5": 0.0723118782043457, "R": 0.06778407096862793, "o": 0.04938507080078125, "a": 0.06463098526000977, "n": 0.05922555923461914, "l": 0.06484127044677734, "Return": 0.14007091522216797}, "ud_key1_key2": {"UD.period.t": 0.6740372180938721, "UD.t.i": 0.3647637367248535, "UD.i.e": 0.2971336841583252, "UD.e.5": 0.492612361907959, "UD.5.R": 1.123960018157959, "UD.R.o": 2.727646589279175, "UD.o.a": 0.2537662982940674, "UD.a.n": 0.14740419387817383, "UD.n.l": 0.3121006488800049, "UD.l.Return": 0.39684367179870605}, "dd_key1_key2": {"DD.period.t": 0.6121325492858887, "DD.t.i": 0.29799461364746094, "DD.i.e": 0.24416112899780273, "DD.e.5": 0.4394650459289551, "DD.5.R": 1.0516481399536133, "DD.R.o": 2.659862518310547, "DD.o.a": 0.20438122749328613, "DD.a.n": 0.08277320861816406, "DD.n.l": 0.25287508964538574, "DD.l.Return": 0.3320024013519287}, "password_entry_count": 1}, {"hold_time": {"period": 0.06835627555847168, "t": 0.08100438117980957, "i": 0.06440329551696777, "e": 0.06691098213195801, "5": 0.0758371353149414, "R": 0.07115888595581055, "o": 0.05911445617675781, "a": 0.0946035385131836, "n": 0.06391215324401855, "l": 0.07822299003601074, "Return": 0.11583518981933594}, "ud_key1_key2": {"UD.period.t": 0.555121898651123, "UD.t.i": 0.27214932441711426, "UD.i.e": 0.2458944320678711, "UD.e.5": 0.4290783405303955, "UD.5.R": 1.8833832740783691, "UD.R.o": 0.6023004055023193, "UD.o.a": 0.19563961029052734, "UD.a.n": 0.20065832138061523, "UD.n.l": 0.2644186019897461, "UD.l.Return": 0.366931676864624}, "dd_key1_key2": {"DD.period.t": 0.48676562309265137, "DD.t.i": 0.1911449432373047, "DD.i.e": 0.18149113655090332, "DD.e.5": 0.3621673583984375, "DD.5.R": 1.8075461387634277, "DD.R.o": 0.5311415195465088, "DD.o.a": 0.13652515411376953, "DD.a.n": 0.10605478286743164, "DD.n.l": 0.20050644874572754, "DD.l.Return": 0.2887086868286133}, "password_entry_count": 2}, {"hold_time": {"period": 0.08408498764038086, "t": 0.0408477783203125, "i": 0.08391380310058594, "e": 0.053992271423339844, "5": 0.0592501163482666, "R": 0.06210589408874512, "o": 0.0636286735534668, "a": 0.0892496109008789, "n": 0.05062150955200195, "l": 0.057582855224609375, "Return": 0.07635855674743652}, "ud_key1_key2": {"UD.period.t": 0.3338603973388672, "UD.t.i": 0.270449161529541, "UD.i.e": 0.26624178886413574, "UD.e.5": 1.0337638854980469, "UD.5.R": 0.7595400810241699, "UD.R.o": 0.8519296646118164, "UD.o.a": 0.6059911251068115, "UD.a.n": 0.12035393714904785, "UD.n.l": 0.2786440849304199, "UD.l.Return": 0.3584482669830322}, "dd_key1_key2": {"DD.period.t": 0.24977540969848633, "DD.t.i": 0.22960138320922852, "DD.i.e": 0.1823279857635498, "DD.e.5": 0.979771614074707, "DD.5.R": 0.7002899646759033, "DD.R.o": 0.7898237705230713, "DD.o.a": 0.5423624515533447, "DD.a.n": 0.031104326248168945, "DD.n.l": 0.22802257537841797, "DD.l.Return": 0.30086541175842285}, "password_entry_count": 3}, {"hold_time": {"period": 0.0839836597442627, "t": 0.05787372589111328, "i": 0.058554887771606445, "e": 0.06465411186218262, "5": 0.06700396537780762, "R": 0.14456439018249512, "o": 0.0582890510559082, "a": 0.07373356819152832, "n": 0.07585310935974121, "l": 0.06880855560302734, "Return": 0.11710405349731445}, "ud_key1_key2": {"UD.period.t": 0.33164334297180176, "UD.t.i": 0.19296836853027344, "UD.i.e": 0.2145538330078125, "UD.e.5": 0.5022897720336914, "UD.5.R": 0.7658119201660156, "UD.R.o": 0.9226715564727783, "UD.o.a": 0.33849549293518066, "UD.a.n": 0.17666983604431152, "UD.n.l": 0.24667572975158691, "UD.l.Return": 0.4024825096130371}, "dd_key1_key2": {"DD.period.t": 0.24765968322753906, "DD.t.i": 0.13509464263916016, "DD.i.e": 0.15599894523620605, "DD.e.5": 0.4376356601715088, "DD.5.R": 0.698807954788208, "DD.R.o": 0.7781071662902832, "DD.o.a": 0.28020644187927246, "DD.a.n": 0.1029362678527832, "DD.n.l": 0.1708226203918457, "DD.l.Return": 0.33367395401000977}, "password_entry_count": 4}, {"hold_time": {"period": 0.07581949234008789, "t": 0.08784079551696777, "i": 0.05771231651306152, "e": 0.069549560546875, "5": 0.04811429977416992, "R": 0.05258440971374512, "o": 0.0578916072845459, "a": 0.09389925003051758, "n": 0.06648802757263184, "l": 0.06898760795593262, "Return": 0.1091604232788086}, "ud_key1_key2": {"UD.period.t": 0.5989620685577393, "UD.t.i": 0.21892166137695312, "UD.i.e": 0.2054753303527832, "UD.e.5": 0.801917314529419, "UD.5.R": 0.5667402744293213, "UD.R.o": 0.6840989589691162, "UD.o.a": 0.21941447257995605, "UD.a.n": 0.1766681671142578, "UD.n.l": 0.23154091835021973, "UD.l.Return": 0.40955495834350586}, "dd_key1_key2": {"DD.period.t": 0.5231425762176514, "DD.t.i": 0.13108086585998535, "DD.i.e": 0.14776301383972168, "DD.e.5": 0.732367753982544, "DD.5.R": 0.5186259746551514, "DD.R.o": 0.6315145492553711, "DD.o.a": 0.16152286529541016, "DD.a.n": 0.08276891708374023, "DD.n.l": 0.1650528907775879, "DD.l.Return": 0.34056735038757324}, "password_entry_count": 5}, {"hold_time": {"period": 0.0624849796295166, "t": 0.09271621704101562, "i": 0.04654979705810547, "e": 0.06910133361816406, "5": 0.06600451469421387, "R": 0.05394768714904785, "o": 0.07042717933654785, "a": 0.07321453094482422, "n": 0.06974959373474121, "l": 0.051904916763305664, "Return": 0.12207889556884766}, "ud_key1_key2": {"UD.period.t": 0.49033665657043457, "UD.t.i": 0.22963643074035645, "UD.i.e": 0.23929548263549805, "UD.e.5": 0.3674445152282715, "UD.5.R": 1.1411635875701904, "UD.R.o": 0.7938976287841797, "UD.o.a": 0.25106072425842285, "UD.a.n": 0.21890664100646973, "UD.n.l": 0.2430741786956787, "UD.l.Return": 0.34806060791015625}, "dd_key1_key2": {"DD.period.t": 0.42785167694091797, "DD.t.i": 0.13692021369934082, "DD.i.e": 0.19274568557739258, "DD.e.5": 0.2983431816101074, "DD.5.R": 1.0751590728759766, "DD.R.o": 0.7399499416351318, "DD.o.a": 0.180633544921875, "DD.a.n": 0.1456921100616455, "DD.n.l": 0.1733245849609375, "DD.l.Return": 0.2961556911468506}, "password_entry_count": 6}, {"hold_time": {"period": 0.06420087814331055, "t": 0.05813455581665039, "i": 0.05557441711425781, "e": 0.0670785903930664, "5": 0.06631088256835938, "R": 0.05990028381347656, "o": 0.0445406436920166, "a": 0.06231856346130371, "n": 0.006213665008544922, "l": 0.04781007766723633, "Return": 0.0598604679107666}, "ud_key1_key2": {"UD.period.t": 0.4056885242462158, "UD.t.i": 0.32120728492736816, "UD.i.e": 0.2682375907897949, "UD.e.5": 0.425828218460083, "UD.5.R": 1.2361061573028564, "UD.R.o": 0.726198673248291, "UD.o.a": 0.19225120544433594, "UD.a.n": 0.14927196502685547, "UD.n.l": 1.421884298324585, "UD.l.Return": 0.652785062789917}, "dd_key1_key2": {"DD.period.t": 0.3414876461029053, "DD.t.i": 0.2630727291107178, "DD.i.e": 0.2126631736755371, "DD.e.5": 0.3587496280670166, "DD.5.R": 1.169795274734497, "DD.R.o": 0.6662983894348145, "DD.o.a": 0.14771056175231934, "DD.a.n": 0.08695340156555176, "DD.n.l": 1.41567063331604, "DD.l.Return": 0.6049749851226807}, "password_entry_count": 7}, {"hold_time": {"period": 0.05106687545776367, "t": 0.05020332336425781, "i": 0.042913198471069336, "e": 0.06410884857177734, "5": 0.0603795051574707, "R": 0.061334848403930664, "o": 0.046994686126708984, "a": 0.0729520320892334, "n": 0.06561541557312012, "l": 0.061516761779785156, "Return": 0.11570429801940918}, "ud_key1_key2": {"UD.period.t": 0.8953399658203125, "UD.t.i": 0.5027270317077637, "UD.i.e": 0.31913113594055176, "UD.e.5": 0.39993906021118164, "UD.5.R": 0.5774827003479004, "UD.R.o": 0.461803674697876, "UD.o.a": 0.1992325782775879, "UD.a.n": 0.18231987953186035, "UD.n.l": 0.21421003341674805, "UD.l.Return": 0.3372817039489746}, "dd_key1_key2": {"DD.period.t": 0.8442730903625488, "DD.t.i": 0.45252370834350586, "DD.i.e": 0.2762179374694824, "DD.e.5": 0.3358302116394043, "DD.5.R": 0.5171031951904297, "DD.R.o": 0.4004688262939453, "DD.o.a": 0.1522378921508789, "DD.a.n": 0.10936784744262695, "DD.n.l": 0.14859461784362793, "DD.l.Return": 0.27576494216918945},