{"timings": [{"hold_time": {"period": 0.12653064727783203, "t": 0.13853168487548828, "i": 0.14308834075927734, "e": 0.14412736892700195, "5": 0.08959007263183594, "R": 0.13489699363708496, "o": 0.1325674057006836, "a": 0.14901447296142578, "n": 0.11093497276306152, "l": 0.14333343505859375, "Return": 0.1470956802368164}, "ud_key1_key2": {"UD.period.t": 0.5885844230651855, "UD.t.i": 0.4866018295288086, "UD.i.e": 0.31029772758483887, "UD.e.5": 1.5764870643615723, "UD.5.R": 1.3591694831848145, "UD.R.o": 1.5573394298553467, "UD.o.a": 0.3481767177581787, "UD.a.n": 0.3028404712677002, "UD.n.l": 0.42759084701538086, "UD.l.Return": 1.0185153484344482}, "dd_key1_key2": {"DD.period.t": 0.4620537757873535, "DD.t.i": 0.3480701446533203, "DD.i.e": 0.16720938682556152, "DD.e.5": 1.4323596954345703, "DD.5.R": 1.2695794105529785, "DD.R.o": 1.4224424362182617, "DD.o.a": 0.21560931205749512, "DD.a.n": 0.15382599830627441, "DD.n.l": 0.31665587425231934, "DD.l.Return": 0.8751819133758545}, "password_entry_count": 1}, {"hold_time": {"period": 0.1440284252166748, "t": 0.1290731430053711, "i": 0.14250493049621582, "e": 0.12787890434265137, "5": 0.14304375648498535, "R": 15.079478979110718, "o": 0.1434648036956787, "a": 0.12758111953735352, "n": 0.1270742416381836, "l": 0.1587975025177002, "Return": 0.1269392967224121}, "ud_key1_key2": {"UD.period.t": 0.9056730270385742, "UD.t.i": 0.430405855178833, "UD.i.e": 0.26127195358276367, "UD.e.5": 7.501526355743408, "UD.5.R": 2.006209135055542, "UD.R.o": 15.933008909225464, "UD.o.a": 0.21204233169555664, "UD.a.n": 0.3944823741912842, "UD.n.l": 0.37810325622558594, "UD.l.Return": 1.1571860313415527}, "dd_key1_key2": {"DD.period.t": 0.7616446018218994, "DD.t.i": 0.3013327121734619, "DD.i.e": 0.11876702308654785, "DD.e.5": 7.373647451400757, "DD.5.R": 1.8631653785705566, "DD.R.o": 0.8535299301147461, "DD.o.a": 0.06857752799987793, "DD.a.n": 0.26690125465393066, "DD.n.l": 0.25102901458740234, "DD.l.Return": 0.9983885288238525}, "password_entry_count": 2}, {"hold_time": {"period": 0.11545038223266602, "t": 0.12687945365905762, "i": 0.1362617015838623, "e": 0.1381371021270752, "5": 0.10582447052001953, "R": -7.6223835945129395, "o": 0.13711881637573242, "a": 0.14806151390075684, "n": 0.1119070053100586, "l": 0.14364099502563477, "Return": 0.16458511352539062}, "ud_key1_key2": {"UD.period.t": 0.5089771747589111, "UD.t.i": 0.36782288551330566, "UD.i.e": 0.24509882926940918, "UD.e.5": 1.5229203701019287, "UD.5.R": -6.536313772201538, "UD.R.o": 0.9011542797088623, "UD.o.a": 0.2700808048248291, "UD.a.n": 0.2717735767364502, "UD.n.l": 0.3023815155029297, "UD.l.Return": 0.5168044567108154}, "dd_key1_key2": {"DD.period.t": 0.3935267925262451, "DD.t.i": 0.24094343185424805, "DD.i.e": 0.10883712768554688, "DD.e.5": 1.3847832679748535, "DD.5.R": -6.642138242721558, "DD.R.o": 8.523537874221802, "DD.o.a": 0.13296198844909668, "DD.a.n": 0.12371206283569336, "DD.n.l": 0.1904745101928711, "DD.l.Return": 0.37316346168518066}, "password_entry_count": 3}, {"hold_time": {"period": 0.1316845417022705, "t": 0.1172785758972168, "i": 0.1535778045654297, "e": 0.13526558876037598, "5": 0.11048054695129395, "R": 0.11925053596496582, "o": 0.1781172752380371, "a": 0.11935281753540039, "n": 0.1270589828491211, "l": 0.1310420036315918, "Return": 0.17423295974731445}, "ud_key1_key2": {"UD.period.t": 0.4183530807495117, "UD.t.i": 0.38404393196105957, "UD.i.e": 0.22870635986328125, "UD.e.5": 1.2369577884674072, "UD.5.R": 1.0907268524169922, "UD.R.o": 0.5113315582275391, "UD.o.a": 0.27898168563842773, "UD.a.n": 0.45639729499816895, "UD.n.l": 0.564058780670166, "UD.l.Return": 0.5678315162658691}, "dd_key1_key2": {"DD.period.t": 0.2866685390472412, "DD.t.i": 0.2667653560638428, "DD.i.e": 0.07512855529785156, "DD.e.5": 1.1016921997070312, "DD.5.R": 0.9802463054656982, "DD.R.o": 0.39208102226257324, "DD.o.a": 0.10086441040039062, "DD.a.n": 0.33704447746276855, "DD.n.l": 0.4369997978210449, "DD.l.Return": 0.43678951263427734}, "password_entry_count": 4}, {"hold_time": {"period": 0.13776850700378418, "t": 0.11061525344848633, "i": 0.1645808219909668, "e": 0.126356840133667, "5": 0.08995509147644043, "R": 4.973271608352661, "o": 0.14329266548156738, "a": 0.13199210166931152, "n": 0.11000418663024902, "l": 0.13224077224731445, "Return": 0.18033313751220703}, "ud_key1_key2": {"UD.period.t": 0.27230310440063477, "UD.t.i": 0.3674798011779785, "UD.i.e": 0.2388300895690918, "UD.e.5": 0.792048454284668, "UD.5.R": 0.6027376651763916, "UD.R.o": 10.719464778900146, "UD.o.a": 0.23829078674316406, "UD.a.n": 1.0220627784729004, "UD.n.l": 0.3217642307281494, "UD.l.Return": 0.577462911605835}, "dd_key1_key2": {"DD.period.t": 0.13453459739685059, "DD.t.i": 0.2568645477294922, "DD.i.e": 0.074249267578125, "DD.e.5": 0.665691614151001, "DD.5.R": 0.5127825736999512, "DD.R.o": 5.746193170547485, "DD.o.a": 0.09499812126159668, "DD.a.n": 0.8900706768035889, "DD.n.l": 0.2117600440979004, "DD.l.Return": 0.4452221393585205}, "password_entry_count": 5}, {"hold_time": {"period": 0.15486526489257812, "t": 0.10625934600830078, "i": 0.16976428031921387, "e": 0.12654638290405273, "5": 0.12684249877929688, "R": 16.428352117538452, "o": 0.14233827590942383, "a": 0.15442872047424316, "n": 0.08989644050598145, "l": 0.13337945938110352, "Return": 0.15162396430969238}, "ud_key1_key2": {"UD.period.t": 0.4045109748840332, "UD.t.i": 0.6516797542572021, "UD.i.e": 0.249312162399292, "UD.e.5": 1.3257782459259033, "UD.5.R": 0.7494568824768066, "UD.R.o": 20.05314874649048, "UD.o.a": 0.22248077392578125, "UD.a.n": 0.9035022258758545, "UD.n.l": 0.3175694942474365, "UD.l.Return": 0.7597348690032959}, "dd_key1_key2": {"DD.period.t": 0.24964570999145508, "DD.t.i": 0.5454204082489014, "DD.i.e": 0.07954788208007812, "DD.e.5": 1.1992318630218506, "DD.5.R": 0.6226143836975098, "DD.R.o": 3.6247966289520264, "DD.o.a": 0.08014249801635742, "DD.a.n": 0.7490735054016113, "DD.n.l": 0.22767305374145508, "DD.l.Return": 0.6263554096221924}, "password_entry_count": 6}, {"hold_time": {"period": 0.1337592601776123, "t": 0.12674975395202637, "i": 0.12119030952453613, "e": 0.1278367042541504, "5": 0.11488890647888184, "R": -10.289585590362549, "o": 0.12411069869995117, "a": 0.11625194549560547, "n": 0.09444308280944824, "l": 0.09964108467102051, "Return": 0.1456291675567627}, "ud_key1_key2": {"UD.period.t": 0.6804406642913818, "UD.t.i": 0.37722229957580566, "UD.i.e": 0.31677722930908203, "UD.e.5": 0.45892786979675293, "UD.5.R": -7.8926002979278564, "UD.R.o": 1.2265512943267822, "UD.o.a": 0.20601606369018555, "UD.a.n": 0.1748671531677246, "UD.n.l": 0.6203954219818115, "UD.l.Return": 0.5052752494812012}, "dd_key1_key2": {"DD.period.t": 0.5466814041137695, "DD.t.i": 0.2504725456237793, "DD.i.e": 0.1955869197845459, "DD.e.5": 0.33109116554260254, "DD.5.R": -8.007489204406738, "DD.R.o": 11.516136884689331, "DD.o.a": 0.08190536499023438, "DD.a.n": 0.05861520767211914, "DD.n.l": 0.5259523391723633, "DD.l.Return": 0.40563416481018066}, "password_entry_count": 7}, {"hold_time": {"period": 0.1719048023223877, "t": 0.12140893936157227, "i": 0.13867402076721191, "e": 0.11720705032348633, "5": 0.12675237655639648, "R": 6.551024913787842, "o": 0.12015390396118164, "a": 0.14263463020324707, "n": 0.1110835075378418, "l": 0.16313600540161133, "Return": 0.17045307159423828}, "ud_key1_key2": {"UD.period.t": 0.2655339241027832, "UD.t.i": 0.7213292121887207, "UD.i.e": 0.260589599609375, "UD.e.5": 1.6194674968719482, "UD.5.R": 0.35115742683410645, "UD.R.o": 7.22894287109375, "UD.o.a": 0.48632001876831055, "UD.a.n": 0.8598146438598633, "UD.n.l": 0.36648130416870117, "UD.l.Return": 0.5072481632232666}, "dd_key1_key2": {"DD.period.t": 0.09362912178039551, "DD.t.i": 0.5999202728271484, "DD.i.e": 0.12191557884216309, "DD.e.5": 1.502260446548462, "DD.5.R": 0.22440505027770996, "DD.R.o": 0.6779179573059082, "DD.o.a": 0.3661661148071289, "DD.a.n": 0.7171800136566162, "DD.n.l": 0.2553977966308594, "DD.l.Return": 0.3441121578216553},